MatricNo,Class,IndexNo,Gender
S-2020-001,1A1,1,M
S-2020-002,1A1,2,F
S-2020-003,1A1,3,M
S-2020-004,1A1,4,F
S-2020-005,1A1,5,F
S-2020-006,1A1,6,F
S-2020-007,1A1,7,F
S-2020-008,1A1,8,F
S-2020-009,1A1,9,M
S-2020-010,1A1,10,M
S-2020-011,1A1,11,M
S-2020-012,1A1,12,M
S-2020-013,1A1,13,M
S-2020-014,1A1,14,M
S-2020-015,1A1,15,M
S-2020-016,1A1,16,M
S-2020-017,1A1,17,M
S-2020-018,1A1,18,F
S-2020-019,1A1,19,M
S-2020-020,1A1,20,M
S-2020-021,1A1,21,F
S-2020-022,1A1,22,M
S-2020-023,1A1,23,M
S-2020-024,1A1,24,F
S-2020-025,1A1,25,M
S-2020-026,1A1,26,F
S-2020-027,1A1,27,M
S-2020-028,1A1,28,M
S-2020-029,1A1,29,M
S-2020-030,1A1,30,M
S-2020-031,1A1,31,M
S-2020-032,1A1,32,M
S-2020-033,1A1,33,M
S-2020-034,1A1,34,M
S-2020-035,1A1,35,M
S-2020-036,1A2,1,F
S-2020-037,1A2,2,M
S-2020-038,1A2,3,M
S-2020-039,1A2,4,F
S-2020-040,1A2,5,F
S-2020-041,1A2,6,F
S-2020-042,1A2,7,M
S-2020-043,1A2,8,F
S-2020-044,1A2,9,M
S-2020-045,1A2,10,M
S-2020-046,1A2,11,F
S-2020-047,1A2,12,F
S-2020-048,1A2,13,F
S-2020-049,1A2,14,M
S-2020-050,1A2,15,M
S-2020-051,1A2,16,F
S-2020-052,1A2,17,F
S-2020-053,1A2,18,M
S-2020-054,1A2,19,M
S-2020-055,1A2,20,M
S-2020-056,1A2,21,F
S-2020-057,1A2,22,F
S-2020-058,1A2,23,M
S-2020-059,1A2,24,M
S-2020-060,1A2,25,F
S-2020-061,1A2,26,M
S-2020-062,1A2,27,F
S-2020-063,1A2,28,F
S-2020-064,1A2,29,F
S-2020-065,1A2,30,F
S-2020-066,1A2,31,F
S-2020-067,1A2,32,M
S-2020-068,1A2,33,F
S-2020-069,1A3,1,M
S-2020-070,1A3,2,M
S-2020-071,1A3,3,F
S-2020-072,1A3,4,M
S-2020-073,1A3,5,F
S-2020-074,1A3,6,M
S-2020-075,1A3,7,F
S-2020-076,1A3,8,M
S-2020-077,1A3,9,F
S-2020-078,1A3,10,M
S-2020-079,1A3,11,M
S-2020-080,1A3,12,F
S-2020-081,1A3,13,M
S-2020-082,1A3,14,F
S-2020-083,1A3,15,M
S-2020-084,1A3,16,M
S-2020-085,1A3,17,F
S-2020-086,1A3,18,F
S-2020-087,1A3,19,M
S-2020-088,1A3,20,M
S-2020-089,1A3,21,M
S-2020-090,1A3,22,F
S-2020-091,1A3,23,F
S-2020-092,1A3,24,M
S-2020-093,1A3,25,F
S-2020-094,1A3,26,M
S-2020-095,1A3,27,M
S-2020-096,1A3,28,M
S-2020-097,1A3,29,F
S-2020-098,1A3,30,M
S-2020-099,1A3,31,M
S-2020-100,1A3,32,F
S-2020-101,1A3,33,M
S-2020-102,1A3,34,F
S-2020-103,1A3,35,F
S-2020-104,1O1,1,M
S-2020-105,1O1,2,M
S-2020-106,1O1,3,F
S-2020-107,1O1,4,M
S-2020-108,1O1,5,M
S-2020-109,1O1,6,M
S-2020-110,1O1,7,F
S-2020-111,1O1,8,M
S-2020-112,1O1,9,F
S-2020-113,1O1,10,F
S-2020-114,1O1,11,F
S-2020-115,1O1,12,M
S-2020-116,1O1,13,F
S-2020-117,1O1,14,M
S-2020-118,1O1,15,F
S-2020-119,1O1,16,M
S-2020-120,1O1,17,M
S-2020-121,1O1,18,M
S-2020-122,1O1,19,M
S-2020-123,1O1,20,M
S-2020-124,1O1,21,F
S-2020-125,1O1,22,M
S-2020-126,1O1,23,F
S-2020-127,1O1,24,M
S-2020-128,1O1,25,M
S-2020-129,1O1,26,M
S-2020-130,1O1,27,M
S-2020-131,1O1,28,M
S-2020-132,1O1,29,F
S-2020-133,1O1,30,F
S-2020-134,1O1,31,M
S-2020-135,1O1,32,M
S-2020-136,1O1,33,F
S-2020-137,1O1,34,M
S-2020-138,1O2,1,M
S-2020-139,1O2,2,M
S-2020-140,1O2,3,M
S-2020-141,1O2,4,M
S-2020-142,1O2,5,F
S-2020-143,1O2,6,M
S-2020-144,1O2,7,M
S-2020-145,1O2,8,F
S-2020-146,1O2,9,F
S-2020-147,1O2,10,M
S-2020-148,1O2,11,M
S-2020-149,1O2,12,F
S-2020-150,1O2,13,F
S-2020-151,1O2,14,M
S-2020-152,1O2,15,F
S-2020-153,1O2,16,M
S-2020-154,1O2,17,M
S-2020-155,1O2,18,M
S-2020-156,1O2,19,M
S-2020-157,1O2,20,M
S-2020-158,1O2,21,F
S-2020-159,1O2,22,F
S-2020-160,1O2,23,F
S-2020-161,1O2,24,M
S-2020-162,1O2,25,M
S-2020-163,1O2,26,M
S-2020-164,1O2,27,F
S-2020-165,1O2,28,F
S-2020-166,1O2,29,F
S-2020-167,1O2,30,F
S-2020-168,1O3,1,F
S-2020-169,1O3,2,F
S-2020-170,1O3,3,F
S-2020-171,1O3,4,F
S-2020-172,1O3,5,F
S-2020-173,1O3,6,F
S-2020-174,1O3,7,M
S-2020-175,1O3,8,F
S-2020-176,1O3,9,M
S-2020-177,1O3,10,F
S-2020-178,1O3,11,M
S-2020-179,1O3,12,M
S-2020-180,1O3,13,M
S-2020-181,1O3,14,F
S-2020-182,1O3,15,F
S-2020-183,1O3,16,F
S-2020-184,1O3,17,F
S-2020-185,1O3,18,F
S-2020-186,1O3,19,M
S-2020-187,1O3,20,F
S-2020-188,1O3,21,F
S-2020-189,1O3,22,F
S-2020-190,1O3,23,F
S-2020-191,1O3,24,F
S-2020-192,1O3,25,M
S-2020-193,1O3,26,F
S-2020-194,1O3,27,M
S-2020-195,1O3,28,M
S-2020-196,1O3,29,F
S-2020-197,1P1,1,F
S-2020-198,1P1,2,F
S-2020-199,1P1,3,M
S-2020-200,1P1,4,F
S-2020-201,1P1,5,M
S-2020-202,1P1,6,M
S-2020-203,1P1,7,M
S-2020-204,1P1,8,M
S-2020-205,1P1,9,F
S-2020-206,1P1,10,M
S-2020-207,1P1,11,F
S-2020-208,1P1,12,F
S-2020-209,1P1,13,F
S-2020-210,1P1,14,F
S-2020-211,1P1,15,F
S-2020-212,1P1,16,M
S-2020-213,1P1,17,F
S-2020-214,1P1,18,F
S-2020-215,1P1,19,F
S-2020-216,1P1,20,F
S-2020-217,1P1,21,M
S-2020-218,1P1,22,M
S-2020-219,1P1,23,M
S-2020-220,1P1,24,M
S-2020-221,1P1,25,F
S-2020-222,1P1,26,M
S-2020-223,1P1,27,M
S-2020-224,1P1,28,M
S-2020-225,1P1,29,F
S-2020-226,1P1,30,M
S-2020-227,1P1,31,F
S-2020-228,1P1,32,F
S-2020-229,1P2,1,F
S-2020-230,1P2,2,M
S-2020-231,1P2,3,M
S-2020-232,1P2,4,M
S-2020-233,1P2,5,F
S-2020-234,1P2,6,M
S-2020-235,1P2,7,M
S-2020-236,1P2,8,F
S-2020-237,1P2,9,F
S-2020-238,1P2,10,F
S-2020-239,1P2,11,M
S-2020-240,1P2,12,M
S-2020-241,1P2,13,F
S-2020-242,1P2,14,M
S-2020-243,1P2,15,M
S-2020-244,1P2,16,F
S-2020-245,1P2,17,M
S-2020-246,1P2,18,M
S-2020-247,1P2,19,M
S-2020-248,1P2,20,M
S-2020-249,1P2,21,F
S-2020-250,1P2,22,F
S-2020-251,1P2,23,M
S-2020-252,1P2,24,M
S-2020-253,1P2,25,M
S-2020-254,1P2,26,M
S-2020-255,1P2,27,F
S-2020-256,1P2,28,F
S-2020-257,1P2,29,M
S-2020-258,1P2,30,M
S-2020-259,1P2,31,M
S-2020-260,1P2,32,M
S-2020-261,1P2,33,F
S-2020-262,1P2,34,F
S-2020-263,1P2,35,M
S-2020-264,1P2,36,F
S-2020-265,1P3,1,M
S-2020-266,1P3,2,F
S-2020-267,1P3,3,M
S-2020-268,1P3,4,M
S-2020-269,1P3,5,M
S-2020-270,1P3,6,M
S-2020-271,1P3,7,F
S-2020-272,1P3,8,M
S-2020-273,1P3,9,F
S-2020-274,1P3,10,F
S-2020-275,1P3,11,M
S-2020-276,1P3,12,F
S-2020-277,1P3,13,F
S-2020-278,1P3,14,F
S-2020-279,1P3,15,F
S-2020-280,1P3,16,F
S-2020-281,1P3,17,M
S-2020-282,1P3,18,F
S-2020-283,1P3,19,F
S-2020-284,1P3,20,F
S-2020-285,1P3,21,M
S-2020-286,1P3,22,F
S-2020-287,1P3,23,M
S-2020-288,1P3,24,M
S-2020-289,1P3,25,F
S-2020-290,1P3,26,F
S-2020-291,1P3,27,M
S-2020-292,1P3,28,M
S-2020-293,1P3,29,M
S-2020-294,1P3,30,M
S-2020-295,1I1,1,M
S-2020-296,1I1,2,F
S-2020-297,1I1,3,F
S-2020-298,1I1,4,F
S-2020-299,1I1,5,M
S-2020-300,1I1,6,M
S-2020-301,1I1,7,M
S-2020-302,1I1,8,M
S-2020-303,1I1,9,M
S-2020-304,1I1,10,M
S-2020-305,1I1,11,F
S-2020-306,1I1,12,F
S-2020-307,1I1,13,F
S-2020-308,1I1,14,M
S-2020-309,1I1,15,F
S-2020-310,1I1,16,F
S-2020-311,1I1,17,F
S-2020-312,1I1,18,F
S-2020-313,1I1,19,F
S-2020-314,1I1,20,F
S-2020-315,1I1,21,F
S-2020-316,1I1,22,F
S-2020-317,1I1,23,F
S-2020-318,1I1,24,F
S-2020-319,1I1,25,F
S-2020-320,1I1,26,M
S-2020-321,1I1,27,M
S-2020-322,1I1,28,F
S-2020-323,1I1,29,F
S-2020-324,1I1,30,M
S-2020-325,1I1,31,F
S-2020-326,1I1,32,M
S-2020-327,1I1,33,M
S-2020-328,1I2,1,F
S-2020-329,1I2,2,F
S-2020-330,1I2,3,F
S-2020-331,1I2,4,F
S-2020-332,1I2,5,F
S-2020-333,1I2,6,F
S-2020-334,1I2,7,F
S-2020-335,1I2,8,F
S-2020-336,1I2,9,M
S-2020-337,1I2,10,F
S-2020-338,1I2,11,M
S-2020-339,1I2,12,F
S-2020-340,1I2,13,F
S-2020-341,1I2,14,M
S-2020-342,1I2,15,F
S-2020-343,1I2,16,M
S-2020-344,1I2,17,M
S-2020-345,1I2,18,M
S-2020-346,1I2,19,M
S-2020-347,1I2,20,F
S-2020-348,1I2,21,F
S-2020-349,1I2,22,M
S-2020-350,1I2,23,F
S-2020-351,1I2,24,F
S-2020-352,1I2,25,F
S-2020-353,1I2,26,F
S-2020-354,1I2,27,M
S-2020-355,1I2,28,M
S-2020-356,1I2,29,F
S-2020-357,1I2,30,F
S-2020-358,1I2,31,M
S-2020-359,1I2,32,M
S-2020-360,1I2,33,M
S-2020-361,1I3,1,F
S-2020-362,1I3,2,F
S-2020-363,1I3,3,M
S-2020-364,1I3,4,M
S-2020-365,1I3,5,F
S-2020-366,1I3,6,M
S-2020-367,1I3,7,M
S-2020-368,1I3,8,M
S-2020-369,1I3,9,F
S-2020-370,1I3,10,M
S-2020-371,1I3,11,M
S-2020-372,1I3,12,F
S-2020-373,1I3,13,F
S-2020-374,1I3,14,M
S-2020-375,1I3,15,M
S-2020-376,1I3,16,F
S-2020-377,1I3,17,M
S-2020-378,1I3,18,F
S-2020-379,1I3,19,F
S-2020-380,1I3,20,M
S-2020-381,1I3,21,M
S-2020-382,1I3,22,F
S-2020-383,1I3,23,F
S-2020-384,1I3,24,M
S-2020-385,1I3,25,F
S-2020-386,1I3,26,M
S-2020-387,1I3,27,F
S-2020-388,1I3,28,M
S-2020-389,1I3,29,M
S-2020-390,1I4,1,F
S-2020-391,1I4,2,M
S-2020-392,1I4,3,M
S-2020-393,1I4,4,M
S-2020-394,1I4,5,F
S-2020-395,1I4,6,M
S-2020-396,1I4,7,M
S-2020-397,1I4,8,M
S-2020-398,1I4,9,M
S-2020-399,1I4,10,F
S-2020-400,1I4,11,M
S-2020-401,1I4,12,F
S-2020-402,1I4,13,F
S-2020-403,1I4,14,M
S-2020-404,1I4,15,F
S-2020-405,1I4,16,F
S-2020-406,1I4,17,M
S-2020-407,1I4,18,F
S-2020-408,1I4,19,F
S-2020-409,1I4,20,F
S-2020-410,1I4,21,M
S-2020-411,1I4,22,M
S-2020-412,1I4,23,M
S-2020-413,1I4,24,F
S-2020-414,1I4,25,M
S-2020-415,1I4,26,M
S-2020-416,1I4,27,M
S-2020-417,1I4,28,M
S-2020-418,1I4,29,M
S-2020-419,1I4,30,M
S-2020-420,1I4,31,F
S-2020-421,1I4,32,M
S-2020-422,1I4,33,F
S-2020-423,1I4,34,M
S-2019-001,2A1,1,M
S-2019-002,2A1,2,M
S-2019-003,2A1,3,M
S-2019-004,2A1,4,F
S-2019-005,2A1,5,M
S-2019-006,2A1,6,M
S-2019-007,2A1,7,F
S-2019-008,2A1,8,F
S-2019-009,2A1,9,F
S-2019-010,2A1,10,M
S-2019-011,2A1,11,F
S-2019-012,2A1,12,F
S-2019-013,2A1,13,F
S-2019-014,2A1,14,M
S-2019-015,2A1,15,M
S-2019-016,2A1,16,F
S-2019-017,2A1,17,M
S-2019-018,2A1,18,F
S-2019-019,2A1,19,F
S-2019-020,2A1,20,F
S-2019-021,2A1,21,F
S-2019-022,2A1,22,M
S-2019-023,2A1,23,F
S-2019-024,2A1,24,M
S-2019-025,2A1,25,M
S-2019-026,2A1,26,M
S-2019-027,2A1,27,M
S-2019-028,2A1,28,M
S-2019-029,2A1,29,F
S-2019-030,2A1,30,M
S-2019-031,2A1,31,M
S-2019-032,2A1,32,F
S-2019-033,2A1,33,F
S-2019-034,2A1,34,F
S-2019-035,2A2,1,F
S-2019-036,2A2,2,F
S-2019-037,2A2,3,F
S-2019-038,2A2,4,F
S-2019-039,2A2,5,F
S-2019-040,2A2,6,F
S-2019-041,2A2,7,M
S-2019-042,2A2,8,M
S-2019-043,2A2,9,F
S-2019-044,2A2,10,M
S-2019-045,2A2,11,M
S-2019-046,2A2,12,M
S-2019-047,2A2,13,F
S-2019-048,2A2,14,M
S-2019-049,2A2,15,F
S-2019-050,2A2,16,M
S-2019-051,2A2,17,F
S-2019-052,2A2,18,F
S-2019-053,2A2,19,F
S-2019-054,2A2,20,F
S-2019-055,2A2,21,M
S-2019-056,2A2,22,M
S-2019-057,2A2,23,F
S-2019-058,2A2,24,M
S-2019-059,2A2,25,M
S-2019-060,2A2,26,M
S-2019-061,2A2,27,M
S-2019-062,2A2,28,M
S-2019-063,2A2,29,M
S-2019-064,2A2,30,M
S-2019-065,2A3,1,F
S-2019-066,2A3,2,F
S-2019-067,2A3,3,F
S-2019-068,2A3,4,F
S-2019-069,2A3,5,M
S-2019-070,2A3,6,F
S-2019-071,2A3,7,M
S-2019-072,2A3,8,F
S-2019-073,2A3,9,M
S-2019-074,2A3,10,M
S-2019-075,2A3,11,M
S-2019-076,2A3,12,F
S-2019-077,2A3,13,M
S-2019-078,2A3,14,M
S-2019-079,2A3,15,F
S-2019-080,2A3,16,M
S-2019-081,2A3,17,M
S-2019-082,2A3,18,F
S-2019-083,2A3,19,M
S-2019-084,2A3,20,M
S-2019-085,2A3,21,F
S-2019-086,2A3,22,F
S-2019-087,2A3,23,M
S-2019-088,2A3,24,M
S-2019-089,2A3,25,M
S-2019-090,2A3,26,M
S-2019-091,2A3,27,M
S-2019-092,2A3,28,M
S-2019-093,2A3,29,M
S-2019-094,2A3,30,F
S-2019-095,2A3,31,F
S-2019-096,2A3,32,M
S-2019-097,2O1,1,F
S-2019-098,2O1,2,M
S-2019-099,2O1,3,M
S-2019-100,2O1,4,M
S-2019-101,2O1,5,M
S-2019-102,2O1,6,M
S-2019-103,2O1,7,F
S-2019-104,2O1,8,F
S-2019-105,2O1,9,F
S-2019-106,2O1,10,M
S-2019-107,2O1,11,M
S-2019-108,2O1,12,F
S-2019-109,2O1,13,M
S-2019-110,2O1,14,F
S-2019-111,2O1,15,F
S-2019-112,2O1,16,M
S-2019-113,2O1,17,M
S-2019-114,2O1,18,M
S-2019-115,2O1,19,F
S-2019-116,2O1,20,M
S-2019-117,2O1,21,F
S-2019-118,2O1,22,F
S-2019-119,2O1,23,M
S-2019-120,2O1,24,M
S-2019-121,2O1,25,F
S-2019-122,2O1,26,F
S-2019-123,2O1,27,M
S-2019-124,2O1,28,M
S-2019-125,2O1,29,M
S-2019-126,2O1,30,F
S-2019-127,2O1,31,F
S-2019-128,2O1,32,F
S-2019-129,2O1,33,F
S-2019-130,2O1,34,M
S-2019-131,2O1,35,M
S-2019-132,2O2,1,F
S-2019-133,2O2,2,F
S-2019-134,2O2,3,M
S-2019-135,2O2,4,F
S-2019-136,2O2,5,M
S-2019-137,2O2,6,M
S-2019-138,2O2,7,F
S-2019-139,2O2,8,M
S-2019-140,2O2,9,F
S-2019-141,2O2,10,F
S-2019-142,2O2,11,M
S-2019-143,2O2,12,M
S-2019-144,2O2,13,M
S-2019-145,2O2,14,F
S-2019-146,2O2,15,F
S-2019-147,2O2,16,M
S-2019-148,2O2,17,M
S-2019-149,2O2,18,F
S-2019-150,2O2,19,M
S-2019-151,2O2,20,F
S-2019-152,2O2,21,F
S-2019-153,2O2,22,M
S-2019-154,2O2,23,M
S-2019-155,2O2,24,F
S-2019-156,2O2,25,M
S-2019-157,2O2,26,M
S-2019-158,2O2,27,F
S-2019-159,2O2,28,M
S-2019-160,2O2,29,F
S-2019-161,2O2,30,M
S-2019-162,2O2,31,F
S-2019-163,2O2,32,M
S-2019-164,2O2,33,M
S-2019-165,2O2,34,M
S-2019-166,2O3,1,M
S-2019-167,2O3,2,F
S-2019-168,2O3,3,M
S-2019-169,2O3,4,F
S-2019-170,2O3,5,M
S-2019-171,2O3,6,M
S-2019-172,2O3,7,M
S-2019-173,2O3,8,F
S-2019-174,2O3,9,F
S-2019-175,2O3,10,F
S-2019-176,2O3,11,M
S-2019-177,2O3,12,F
S-2019-178,2O3,13,F
S-2019-179,2O3,14,M
S-2019-180,2O3,15,F
S-2019-181,2O3,16,M
S-2019-182,2O3,17,M
S-2019-183,2O3,18,M
S-2019-184,2O3,19,F
S-2019-185,2O3,20,F
S-2019-186,2O3,21,M
S-2019-187,2O3,22,M
S-2019-188,2O3,23,F
S-2019-189,2O3,24,M
S-2019-190,2O3,25,M
S-2019-191,2O3,26,F
S-2019-192,2O3,27,M
S-2019-193,2O3,28,F
S-2019-194,2O3,29,M
S-2019-195,2O3,30,F
S-2019-196,2O3,31,F
S-2019-197,2O3,32,F
S-2019-198,2O3,33,M
S-2019-199,2O3,34,M
S-2019-200,2P1,1,F
S-2019-201,2P1,2,M
S-2019-202,2P1,3,M
S-2019-203,2P1,4,F
S-2019-204,2P1,5,F
S-2019-205,2P1,6,M
S-2019-206,2P1,7,F
S-2019-207,2P1,8,F
S-2019-208,2P1,9,M
S-2019-209,2P1,10,F
S-2019-210,2P1,11,F
S-2019-211,2P1,12,M
S-2019-212,2P1,13,M
S-2019-213,2P1,14,M
S-2019-214,2P1,15,F
S-2019-215,2P1,16,M
S-2019-216,2P1,17,F
S-2019-217,2P1,18,F
S-2019-218,2P1,19,F
S-2019-219,2P1,20,M
S-2019-220,2P1,21,F
S-2019-221,2P1,22,M
S-2019-222,2P1,23,M
S-2019-223,2P1,24,F
S-2019-224,2P1,25,F
S-2019-225,2P1,26,M
S-2019-226,2P1,27,M
S-2019-227,2P1,28,F
S-2019-228,2P1,29,M
S-2019-229,2P1,30,F
S-2019-230,2P1,31,M
S-2019-231,2P1,32,M
S-2019-232,2P1,33,F
S-2019-233,2P1,34,F
S-2019-234,2P2,1,F
S-2019-235,2P2,2,F
S-2019-236,2P2,3,F
S-2019-237,2P2,4,M
S-2019-238,2P2,5,F
S-2019-239,2P2,6,M
S-2019-240,2P2,7,M
S-2019-241,2P2,8,M
S-2019-242,2P2,9,F
S-2019-243,2P2,10,F
S-2019-244,2P2,11,F
S-2019-245,2P2,12,M
S-2019-246,2P2,13,M
S-2019-247,2P2,14,F
S-2019-248,2P2,15,M
S-2019-249,2P2,16,F
S-2019-250,2P2,17,F
S-2019-251,2P2,18,M
S-2019-252,2P2,19,F
S-2019-253,2P2,20,F
S-2019-254,2P2,21,M
S-2019-255,2P2,22,F
S-2019-256,2P2,23,M
S-2019-257,2P2,24,F
S-2019-258,2P2,25,M
S-2019-259,2P2,26,F
S-2019-260,2P2,27,F
S-2019-261,2P2,28,F
S-2019-262,2P2,29,M
S-2019-263,2P2,30,M
S-2019-264,2P3,1,M
S-2019-265,2P3,2,M
S-2019-266,2P3,3,M
S-2019-267,2P3,4,F
S-2019-268,2P3,5,F
S-2019-269,2P3,6,F
S-2019-270,2P3,7,F
S-2019-271,2P3,8,M
S-2019-272,2P3,9,F
S-2019-273,2P3,10,M
S-2019-274,2P3,11,F
S-2019-275,2P3,12,M
S-2019-276,2P3,13,F
S-2019-277,2P3,14,M
S-2019-278,2P3,15,M
S-2019-279,2P3,16,M
S-2019-280,2P3,17,M
S-2019-281,2P3,18,F
S-2019-282,2P3,19,M
S-2019-283,2P3,20,F
S-2019-284,2P3,21,F
S-2019-285,2P3,22,M
S-2019-286,2P3,23,F
S-2019-287,2P3,24,M
S-2019-288,2P3,25,M
S-2019-289,2P3,26,F
S-2019-290,2P3,27,M
S-2019-291,2P3,28,F
S-2019-292,2P3,29,M
S-2019-293,2P3,30,M
S-2019-294,2P3,31,M
S-2019-295,2P3,32,M
S-2019-296,2P3,33,F
S-2019-297,2I1,1,M
S-2019-298,2I1,2,M
S-2019-299,2I1,3,M
S-2019-300,2I1,4,M
S-2019-301,2I1,5,F
S-2019-302,2I1,6,M
S-2019-303,2I1,7,F
S-2019-304,2I1,8,M
S-2019-305,2I1,9,M
S-2019-306,2I1,10,F
S-2019-307,2I1,11,M
S-2019-308,2I1,12,F
S-2019-309,2I1,13,F
S-2019-310,2I1,14,M
S-2019-311,2I1,15,F
S-2019-312,2I1,16,F
S-2019-313,2I1,17,M
S-2019-314,2I1,18,M
S-2019-315,2I1,19,M
S-2019-316,2I1,20,F
S-2019-317,2I1,21,F
S-2019-318,2I1,22,M
S-2019-319,2I1,23,M
S-2019-320,2I1,24,F
S-2019-321,2I1,25,F
S-2019-322,2I1,26,F
S-2019-323,2I1,27,F
S-2019-324,2I1,28,M
S-2019-325,2I1,29,M
S-2019-326,2I2,1,F
S-2019-327,2I2,2,M
S-2019-328,2I2,3,M
S-2019-329,2I2,4,M
S-2019-330,2I2,5,F
S-2019-331,2I2,6,F
S-2019-332,2I2,7,F
S-2019-333,2I2,8,M
S-2019-334,2I2,9,F
S-2019-335,2I2,10,F
S-2019-336,2I2,11,M
S-2019-337,2I2,12,M
S-2019-338,2I2,13,M
S-2019-339,2I2,14,F
S-2019-340,2I2,15,M
S-2019-341,2I2,16,F
S-2019-342,2I2,17,F
S-2019-343,2I2,18,M
S-2019-344,2I2,19,F
S-2019-345,2I2,20,M
S-2019-346,2I2,21,F
S-2019-347,2I2,22,F
S-2019-348,2I2,23,M
S-2019-349,2I2,24,F
S-2019-350,2I2,25,M
S-2019-351,2I2,26,F
S-2019-352,2I2,27,F
S-2019-353,2I2,28,F
S-2019-354,2I2,29,M
S-2019-355,2I2,30,F
S-2019-356,2I2,31,M
S-2019-357,2I2,32,F
S-2019-358,2I2,33,M
S-2019-359,2I3,1,F
S-2019-360,2I3,2,M
S-2019-361,2I3,3,F
S-2019-362,2I3,4,F
S-2019-363,2I3,5,F
S-2019-364,2I3,6,M
S-2019-365,2I3,7,F
S-2019-366,2I3,8,M
S-2019-367,2I3,9,M
S-2019-368,2I3,10,F
S-2019-369,2I3,11,M
S-2019-370,2I3,12,M
S-2019-371,2I3,13,F
S-2019-372,2I3,14,F
S-2019-373,2I3,15,M
S-2019-374,2I3,16,M
S-2019-375,2I3,17,M
S-2019-376,2I3,18,F
S-2019-377,2I3,19,M
S-2019-378,2I3,20,F
S-2019-379,2I3,21,M
S-2019-380,2I3,22,F
S-2019-381,2I3,23,M
S-2019-382,2I3,24,F
S-2019-383,2I3,25,M
S-2019-384,2I3,26,M
S-2019-385,2I3,27,F
S-2019-386,2I3,28,M
S-2019-387,2I3,29,F
S-2019-388,2I3,30,F
S-2019-389,2I4,1,M
S-2019-390,2I4,2,F
S-2019-391,2I4,3,M
S-2019-392,2I4,4,M
S-2019-393,2I4,5,M
S-2019-394,2I4,6,M
S-2019-395,2I4,7,M
S-2019-396,2I4,8,M
S-2019-397,2I4,9,F
S-2019-398,2I4,10,M
S-2019-399,2I4,11,F
S-2019-400,2I4,12,F
S-2019-401,2I4,13,F
S-2019-402,2I4,14,F
S-2019-403,2I4,15,F
S-2019-404,2I4,16,M
S-2019-405,2I4,17,F
S-2019-406,2I4,18,F
S-2019-407,2I4,19,M
S-2019-408,2I4,20,M
S-2019-409,2I4,21,M
S-2019-410,2I4,22,F
S-2019-411,2I4,23,M
S-2019-412,2I4,24,F
S-2019-413,2I4,25,M
S-2019-414,2I4,26,F
S-2019-415,2I4,27,M
S-2019-416,2I4,28,M
S-2019-417,2I4,29,M
S-2019-418,2I4,30,F
S-2018-001,3A1,1,F
S-2018-002,3A1,2,F
S-2018-003,3A1,3,F
S-2018-004,3A1,4,M
S-2018-005,3A1,5,M
S-2018-006,3A1,6,M
S-2018-007,3A1,7,M
S-2018-008,3A1,8,M
S-2018-009,3A1,9,F
S-2018-010,3A1,10,M
S-2018-011,3A1,11,F
S-2018-012,3A1,12,F
S-2018-013,3A1,13,M
S-2018-014,3A1,14,F
S-2018-015,3A1,15,F
S-2018-016,3A1,16,F
S-2018-017,3A1,17,M
S-2018-018,3A1,18,F
S-2018-019,3A1,19,M
S-2018-020,3A1,20,F
S-2018-021,3A1,21,M
S-2018-022,3A1,22,F
S-2018-023,3A1,23,M
S-2018-024,3A1,24,F
S-2018-025,3A1,25,M
S-2018-026,3A1,26,F
S-2018-027,3A1,27,M
S-2018-028,3A1,28,F
S-2018-029,3A1,29,M
S-2018-030,3A1,30,F
S-2018-031,3A1,31,M
S-2018-032,3A1,32,F
S-2018-033,3A1,33,M
S-2018-034,3A1,34,M
S-2018-035,3A1,35,M
S-2018-036,3A1,36,M
S-2018-037,3A2,1,M
S-2018-038,3A2,2,M
S-2018-039,3A2,3,F
S-2018-040,3A2,4,F
S-2018-041,3A2,5,M
S-2018-042,3A2,6,F
S-2018-043,3A2,7,M
S-2018-044,3A2,8,F
S-2018-045,3A2,9,M
S-2018-046,3A2,10,M
S-2018-047,3A2,11,F
S-2018-048,3A2,12,M
S-2018-049,3A2,13,F
S-2018-050,3A2,14,M
S-2018-051,3A2,15,F
S-2018-052,3A2,16,F
S-2018-053,3A2,17,M
S-2018-054,3A2,18,F
S-2018-055,3A2,19,F
S-2018-056,3A2,20,M
S-2018-057,3A2,21,F
S-2018-058,3A2,22,M
S-2018-059,3A2,23,F
S-2018-060,3A2,24,M
S-2018-061,3A2,25,F
S-2018-062,3A2,26,M
S-2018-063,3A2,27,F
S-2018-064,3A2,28,F
S-2018-065,3A2,29,M
S-2018-066,3A2,30,M
S-2018-067,3A2,31,M
S-2018-068,3A2,32,M
S-2018-069,3A3,1,F
S-2018-070,3A3,2,F
S-2018-071,3A3,3,F
S-2018-072,3A3,4,M
S-2018-073,3A3,5,M
S-2018-074,3A3,6,M
S-2018-075,3A3,7,M
S-2018-076,3A3,8,F
S-2018-077,3A3,9,M
S-2018-078,3A3,10,F
S-2018-079,3A3,11,F
S-2018-080,3A3,12,M
S-2018-081,3A3,13,F
S-2018-082,3A3,14,M
S-2018-083,3A3,15,M
S-2018-084,3A3,16,M
S-2018-085,3A3,17,M
S-2018-086,3A3,18,F
S-2018-087,3A3,19,M
S-2018-088,3A3,20,M
S-2018-089,3A3,21,M
S-2018-090,3A3,22,F
S-2018-091,3A3,23,F
S-2018-092,3A3,24,M
S-2018-093,3A3,25,F
S-2018-094,3A3,26,F
S-2018-095,3A3,27,M
S-2018-096,3A3,28,F
S-2018-097,3A3,29,M
S-2018-098,3O1,1,F
S-2018-099,3O1,2,M
S-2018-100,3O1,3,F
S-2018-101,3O1,4,F
S-2018-102,3O1,5,F
S-2018-103,3O1,6,M
S-2018-104,3O1,7,M
S-2018-105,3O1,8,F
S-2018-106,3O1,9,F
S-2018-107,3O1,10,M
S-2018-108,3O1,11,F
S-2018-109,3O1,12,F
S-2018-110,3O1,13,F
S-2018-111,3O1,14,F
S-2018-112,3O1,15,M
S-2018-113,3O1,16,F
S-2018-114,3O1,17,F
S-2018-115,3O1,18,F
S-2018-116,3O1,19,F
S-2018-117,3O1,20,M
S-2018-118,3O1,21,M
S-2018-119,3O1,22,M
S-2018-120,3O1,23,M
S-2018-121,3O1,24,F
S-2018-122,3O1,25,M
S-2018-123,3O1,26,F
S-2018-124,3O1,27,F
S-2018-125,3O1,28,M
S-2018-126,3O1,29,F
S-2018-127,3O1,30,M
S-2018-128,3O1,31,M
S-2018-129,3O2,1,M
S-2018-130,3O2,2,M
S-2018-131,3O2,3,F
S-2018-132,3O2,4,M
S-2018-133,3O2,5,M
S-2018-134,3O2,6,M
S-2018-135,3O2,7,M
S-2018-136,3O2,8,M
S-2018-137,3O2,9,F
S-2018-138,3O2,10,F
S-2018-139,3O2,11,F
S-2018-140,3O2,12,M
S-2018-141,3O2,13,F
S-2018-142,3O2,14,M
S-2018-143,3O2,15,M
S-2018-144,3O2,16,M
S-2018-145,3O2,17,F
S-2018-146,3O2,18,M
S-2018-147,3O2,19,M
S-2018-148,3O2,20,M
S-2018-149,3O2,21,M
S-2018-150,3O2,22,M
S-2018-151,3O2,23,M
S-2018-152,3O2,24,F
S-2018-153,3O2,25,M
S-2018-154,3O2,26,F
S-2018-155,3O2,27,M
S-2018-156,3O2,28,M
S-2018-157,3O2,29,F
S-2018-158,3O2,30,M
S-2018-159,3O2,31,M
S-2018-160,3O2,32,F
S-2018-161,3O2,33,F
S-2018-162,3O3,1,F
S-2018-163,3O3,2,F
S-2018-164,3O3,3,F
S-2018-165,3O3,4,M
S-2018-166,3O3,5,M
S-2018-167,3O3,6,F
S-2018-168,3O3,7,M
S-2018-169,3O3,8,M
S-2018-170,3O3,9,F
S-2018-171,3O3,10,M
S-2018-172,3O3,11,F
S-2018-173,3O3,12,F
S-2018-174,3O3,13,F
S-2018-175,3O3,14,M
S-2018-176,3O3,15,M
S-2018-177,3O3,16,M
S-2018-178,3O3,17,M
S-2018-179,3O3,18,M
S-2018-180,3O3,19,F
S-2018-181,3O3,20,M
S-2018-182,3O3,21,F
S-2018-183,3O3,22,M
S-2018-184,3O3,23,F
S-2018-185,3O3,24,M
S-2018-186,3O3,25,M
S-2018-187,3O3,26,M
S-2018-188,3O3,27,F
S-2018-189,3O3,28,F
S-2018-190,3O3,29,M
S-2018-191,3O3,30,M
S-2018-192,3O3,31,F
S-2018-193,3P1,1,M
S-2018-194,3P1,2,M
S-2018-195,3P1,3,F
S-2018-196,3P1,4,M
S-2018-197,3P1,5,F
S-2018-198,3P1,6,F
S-2018-199,3P1,7,M
S-2018-200,3P1,8,F
S-2018-201,3P1,9,F
S-2018-202,3P1,10,M
S-2018-203,3P1,11,F
S-2018-204,3P1,12,M
S-2018-205,3P1,13,F
S-2018-206,3P1,14,M
S-2018-207,3P1,15,M
S-2018-208,3P1,16,F
S-2018-209,3P1,17,F
S-2018-210,3P1,18,F
S-2018-211,3P1,19,M
S-2018-212,3P1,20,F
S-2018-213,3P1,21,F
S-2018-214,3P1,22,F
S-2018-215,3P1,23,M
S-2018-216,3P1,24,F
S-2018-217,3P1,25,F
S-2018-218,3P1,26,F
S-2018-219,3P1,27,F
S-2018-220,3P1,28,M
S-2018-221,3P1,29,F
S-2018-222,3P1,30,M
S-2018-223,3P1,31,M
S-2018-224,3P1,32,F
S-2018-225,3P1,33,M
S-2018-226,3P1,34,M
S-2018-227,3P1,35,F
S-2018-228,3P1,36,F
S-2018-229,3P2,1,F
S-2018-230,3P2,2,F
S-2018-231,3P2,3,M
S-2018-232,3P2,4,F
S-2018-233,3P2,5,M
S-2018-234,3P2,6,M
S-2018-235,3P2,7,F
S-2018-236,3P2,8,M
S-2018-237,3P2,9,F
S-2018-238,3P2,10,M
S-2018-239,3P2,11,F
S-2018-240,3P2,12,F
S-2018-241,3P2,13,M
S-2018-242,3P2,14,F
S-2018-243,3P2,15,M
S-2018-244,3P2,16,M
S-2018-245,3P2,17,M
S-2018-246,3P2,18,F
S-2018-247,3P2,19,F
S-2018-248,3P2,20,F
S-2018-249,3P2,21,F
S-2018-250,3P2,22,M
S-2018-251,3P2,23,F
S-2018-252,3P2,24,M
S-2018-253,3P2,25,F
S-2018-254,3P2,26,M
S-2018-255,3P2,27,F
S-2018-256,3P2,28,F
S-2018-257,3P2,29,F
S-2018-258,3P2,30,F
S-2018-259,3P3,1,F
S-2018-260,3P3,2,M
S-2018-261,3P3,3,F
S-2018-262,3P3,4,F
S-2018-263,3P3,5,M
S-2018-264,3P3,6,M
S-2018-265,3P3,7,M
S-2018-266,3P3,8,M
S-2018-267,3P3,9,F
S-2018-268,3P3,10,M
S-2018-269,3P3,11,M
S-2018-270,3P3,12,F
S-2018-271,3P3,13,M
S-2018-272,3P3,14,M
S-2018-273,3P3,15,M
S-2018-274,3P3,16,M
S-2018-275,3P3,17,M
S-2018-276,3P3,18,F
S-2018-277,3P3,19,F
S-2018-278,3P3,20,M
S-2018-279,3P3,21,M
S-2018-280,3P3,22,M
S-2018-281,3P3,23,M
S-2018-282,3P3,24,F
S-2018-283,3P3,25,M
S-2018-284,3P3,26,M
S-2018-285,3P3,27,F
S-2018-286,3P3,28,F
S-2018-287,3P3,29,M
S-2018-288,3P3,30,F
S-2018-289,3P3,31,M
S-2018-290,3P3,32,F
S-2018-291,3P3,33,M
S-2018-292,3P3,34,F
S-2018-293,3I1,1,F
S-2018-294,3I1,2,F
S-2018-295,3I1,3,F
S-2018-296,3I1,4,F
S-2018-297,3I1,5,F
S-2018-298,3I1,6,M
S-2018-299,3I1,7,F
S-2018-300,3I1,8,F
S-2018-301,3I1,9,F
S-2018-302,3I1,10,F
S-2018-303,3I1,11,M
S-2018-304,3I1,12,M
S-2018-305,3I1,13,M
S-2018-306,3I1,14,M
S-2018-307,3I1,15,M
S-2018-308,3I1,16,F
S-2018-309,3I1,17,F
S-2018-310,3I1,18,M
S-2018-311,3I1,19,F
S-2018-312,3I1,20,M
S-2018-313,3I1,21,M
S-2018-314,3I1,22,F
S-2018-315,3I1,23,M
S-2018-316,3I1,24,M
S-2018-317,3I1,25,F
S-2018-318,3I1,26,M
S-2018-319,3I1,27,F
S-2018-320,3I1,28,M
S-2018-321,3I1,29,M
S-2018-322,3I1,30,M
S-2018-323,3I2,1,M
S-2018-324,3I2,2,F
S-2018-325,3I2,3,M
S-2018-326,3I2,4,F
S-2018-327,3I2,5,M
S-2018-328,3I2,6,F
S-2018-329,3I2,7,F
S-2018-330,3I2,8,F
S-2018-331,3I2,9,F
S-2018-332,3I2,10,F
S-2018-333,3I2,11,M
S-2018-334,3I2,12,M
S-2018-335,3I2,13,M
S-2018-336,3I2,14,M
S-2018-337,3I2,15,F
S-2018-338,3I2,16,M
S-2018-339,3I2,17,M
S-2018-340,3I2,18,M
S-2018-341,3I2,19,F
S-2018-342,3I2,20,M
S-2018-343,3I2,21,M
S-2018-344,3I2,22,F
S-2018-345,3I2,23,M
S-2018-346,3I2,24,F
S-2018-347,3I2,25,M
S-2018-348,3I2,26,M
S-2018-349,3I2,27,M
S-2018-350,3I2,28,M
S-2018-351,3I2,29,F
S-2018-352,3I2,30,F
S-2018-353,3I3,1,M
S-2018-354,3I3,2,F
S-2018-355,3I3,3,F
S-2018-356,3I3,4,F
S-2018-357,3I3,5,F
S-2018-358,3I3,6,M
S-2018-359,3I3,7,F
S-2018-360,3I3,8,M
S-2018-361,3I3,9,M
S-2018-362,3I3,10,F
S-2018-363,3I3,11,M
S-2018-364,3I3,12,M
S-2018-365,3I3,13,M
S-2018-366,3I3,14,M
S-2018-367,3I3,15,F
S-2018-368,3I3,16,M
S-2018-369,3I3,17,F
S-2018-370,3I3,18,M
S-2018-371,3I3,19,F
S-2018-372,3I3,20,M
S-2018-373,3I3,21,F
S-2018-374,3I3,22,F
S-2018-375,3I3,23,M
S-2018-376,3I3,24,M
S-2018-377,3I3,25,M
S-2018-378,3I3,26,M
S-2018-379,3I3,27,F
S-2018-380,3I3,28,F
S-2018-381,3I3,29,M
S-2018-382,3I3,30,M
S-2018-383,3I3,31,M
S-2018-384,3I3,32,F
S-2018-385,3I4,1,M
S-2018-386,3I4,2,M
S-2018-387,3I4,3,F
S-2018-388,3I4,4,M
S-2018-389,3I4,5,F
S-2018-390,3I4,6,M
S-2018-391,3I4,7,F
S-2018-392,3I4,8,F
S-2018-393,3I4,9,M
S-2018-394,3I4,10,F
S-2018-395,3I4,11,F
S-2018-396,3I4,12,M
S-2018-397,3I4,13,M
S-2018-398,3I4,14,F
S-2018-399,3I4,15,M
S-2018-400,3I4,16,F
S-2018-401,3I4,17,F
S-2018-402,3I4,18,M
S-2018-403,3I4,19,F
S-2018-404,3I4,20,M
S-2018-405,3I4,21,M
S-2018-406,3I4,22,F
S-2018-407,3I4,23,M
S-2018-408,3I4,24,F
S-2018-409,3I4,25,M
S-2018-410,3I4,26,F
S-2018-411,3I4,27,F
S-2018-412,3I4,28,M
S-2018-413,3I4,29,M
S-2018-414,3I4,30,M
S-2018-415,3I4,31,M
S-2018-416,3I4,32,M
S-2018-417,3I4,33,F
S-2018-418,3I4,34,M
S-2018-419,3I4,35,M
S-2017-001,4A1,1,M
S-2017-002,4A1,2,M
S-2017-003,4A1,3,F
S-2017-004,4A1,4,F
S-2017-005,4A1,5,F
S-2017-006,4A1,6,F
S-2017-007,4A1,7,F
S-2017-008,4A1,8,M
S-2017-009,4A1,9,M
S-2017-010,4A1,10,M
S-2017-011,4A1,11,F
S-2017-012,4A1,12,M
S-2017-013,4A1,13,M
S-2017-014,4A1,14,F
S-2017-015,4A1,15,F
S-2017-016,4A1,16,M
S-2017-017,4A1,17,M
S-2017-018,4A1,18,M
S-2017-019,4A1,19,F
S-2017-020,4A1,20,M
S-2017-021,4A1,21,F
S-2017-022,4A1,22,M
S-2017-023,4A1,23,F
S-2017-024,4A1,24,M
S-2017-025,4A1,25,F
S-2017-026,4A1,26,F
S-2017-027,4A1,27,M
S-2017-028,4A1,28,M
S-2017-029,4A1,29,F
S-2017-030,4A1,30,F
S-2017-031,4A1,31,M
S-2017-032,4A1,32,F
S-2017-033,4A1,33,F
S-2017-034,4A2,1,M
S-2017-035,4A2,2,F
S-2017-036,4A2,3,M
S-2017-037,4A2,4,M
S-2017-038,4A2,5,M
S-2017-039,4A2,6,F
S-2017-040,4A2,7,F
S-2017-041,4A2,8,M
S-2017-042,4A2,9,F
S-2017-043,4A2,10,M
S-2017-044,4A2,11,M
S-2017-045,4A2,12,F
S-2017-046,4A2,13,M
S-2017-047,4A2,14,M
S-2017-048,4A2,15,M
S-2017-049,4A2,16,F
S-2017-050,4A2,17,F
S-2017-051,4A2,18,F
S-2017-052,4A2,19,M
S-2017-053,4A2,20,M
S-2017-054,4A2,21,M
S-2017-055,4A2,22,M
S-2017-056,4A2,23,F
S-2017-057,4A2,24,M
S-2017-058,4A2,25,F
S-2017-059,4A2,26,F
S-2017-060,4A2,27,M
S-2017-061,4A2,28,F
S-2017-062,4A2,29,M
S-2017-063,4A2,30,M
S-2017-064,4A3,1,F
S-2017-065,4A3,2,F
S-2017-066,4A3,3,M
S-2017-067,4A3,4,M
S-2017-068,4A3,5,M
S-2017-069,4A3,6,F
S-2017-070,4A3,7,M
S-2017-071,4A3,8,M
S-2017-072,4A3,9,F
S-2017-073,4A3,10,F
S-2017-074,4A3,11,M
S-2017-075,4A3,12,F
S-2017-076,4A3,13,M
S-2017-077,4A3,14,M
S-2017-078,4A3,15,F
S-2017-079,4A3,16,F
S-2017-080,4A3,17,F
S-2017-081,4A3,18,M
S-2017-082,4A3,19,M
S-2017-083,4A3,20,F
S-2017-084,4A3,21,F
S-2017-085,4A3,22,M
S-2017-086,4A3,23,F
S-2017-087,4A3,24,M
S-2017-088,4A3,25,M
S-2017-089,4A3,26,F
S-2017-090,4A3,27,F
S-2017-091,4A3,28,F
S-2017-092,4A3,29,F
S-2017-093,4A3,30,M
S-2017-094,4A3,31,M
S-2017-095,4A3,32,F
S-2017-096,4A3,33,M
S-2017-097,4A3,34,F
S-2017-098,4O1,1,M
S-2017-099,4O1,2,F
S-2017-100,4O1,3,F
S-2017-101,4O1,4,M
S-2017-102,4O1,5,M
S-2017-103,4O1,6,M
S-2017-104,4O1,7,M
S-2017-105,4O1,8,M
S-2017-106,4O1,9,M
S-2017-107,4O1,10,F
S-2017-108,4O1,11,M
S-2017-109,4O1,12,F
S-2017-110,4O1,13,F
S-2017-111,4O1,14,F
S-2017-112,4O1,15,M
S-2017-113,4O1,16,F
S-2017-114,4O1,17,F
S-2017-115,4O1,18,F
S-2017-116,4O1,19,F
S-2017-117,4O1,20,M
S-2017-118,4O1,21,M
S-2017-119,4O1,22,F
S-2017-120,4O1,23,F
S-2017-121,4O1,24,F
S-2017-122,4O1,25,M
S-2017-123,4O1,26,M
S-2017-124,4O1,27,F
S-2017-125,4O1,28,M
S-2017-126,4O1,29,M
S-2017-127,4O1,30,F
S-2017-128,4O1,31,F
S-2017-129,4O1,32,F
S-2017-130,4O1,33,M
S-2017-131,4O1,34,M
S-2017-132,4O1,35,F
S-2017-133,4O2,1,F
S-2017-134,4O2,2,F
S-2017-135,4O2,3,M
S-2017-136,4O2,4,F
S-2017-137,4O2,5,M
S-2017-138,4O2,6,F
S-2017-139,4O2,7,M
S-2017-140,4O2,8,M
S-2017-141,4O2,9,M
S-2017-142,4O2,10,F
S-2017-143,4O2,11,M
S-2017-144,4O2,12,M
S-2017-145,4O2,13,M
S-2017-146,4O2,14,M
S-2017-147,4O2,15,M
S-2017-148,4O2,16,M
S-2017-149,4O2,17,F
S-2017-150,4O2,18,F
S-2017-151,4O2,19,M
S-2017-152,4O2,20,F
S-2017-153,4O2,21,F
S-2017-154,4O2,22,M
S-2017-155,4O2,23,F
S-2017-156,4O2,24,M
S-2017-157,4O2,25,F
S-2017-158,4O2,26,M
S-2017-159,4O2,27,F
S-2017-160,4O2,28,M
S-2017-161,4O2,29,F
S-2017-162,4O2,30,F
S-2017-163,4O2,31,F
S-2017-164,4O2,32,F
S-2017-165,4O2,33,M
S-2017-166,4O2,34,F
S-2017-167,4O2,35,F
S-2017-168,4O3,1,F
S-2017-169,4O3,2,M
S-2017-170,4O3,3,M
S-2017-171,4O3,4,F
S-2017-172,4O3,5,M
S-2017-173,4O3,6,F
S-2017-174,4O3,7,F
S-2017-175,4O3,8,F
S-2017-176,4O3,9,M
S-2017-177,4O3,10,F
S-2017-178,4O3,11,M
S-2017-179,4O3,12,M
S-2017-180,4O3,13,M
S-2017-181,4O3,14,F
S-2017-182,4O3,15,F
S-2017-183,4O3,16,F
S-2017-184,4O3,17,F
S-2017-185,4O3,18,F
S-2017-186,4O3,19,M
S-2017-187,4O3,20,M
S-2017-188,4O3,21,F
S-2017-189,4O3,22,M
S-2017-190,4O3,23,M
S-2017-191,4O3,24,M
S-2017-192,4O3,25,M
S-2017-193,4O3,26,M
S-2017-194,4O3,27,F
S-2017-195,4O3,28,F
S-2017-196,4O3,29,M
S-2017-197,4O3,30,M
S-2017-198,4O3,31,F
S-2017-199,4O3,32,M
S-2017-200,4O3,33,F
S-2017-201,4O3,34,F
S-2017-202,4P1,1,F
S-2017-203,4P1,2,M
S-2017-204,4P1,3,M
S-2017-205,4P1,4,M
S-2017-206,4P1,5,M
S-2017-207,4P1,6,M
S-2017-208,4P1,7,F
S-2017-209,4P1,8,M
S-2017-210,4P1,9,F
S-2017-211,4P1,10,F
S-2017-212,4P1,11,F
S-2017-213,4P1,12,M
S-2017-214,4P1,13,F
S-2017-215,4P1,14,F
S-2017-216,4P1,15,M
S-2017-217,4P1,16,F
S-2017-218,4P1,17,F
S-2017-219,4P1,18,F
S-2017-220,4P1,19,F
S-2017-221,4P1,20,F
S-2017-222,4P1,21,F
S-2017-223,4P1,22,M
S-2017-224,4P1,23,F
S-2017-225,4P1,24,F
S-2017-226,4P1,25,F
S-2017-227,4P1,26,F
S-2017-228,4P1,27,M
S-2017-229,4P1,28,M
S-2017-230,4P1,29,M
S-2017-231,4P1,30,F
S-2017-232,4P1,31,F
S-2017-233,4P1,32,M
S-2017-234,4P1,33,F
S-2017-235,4P2,1,M
S-2017-236,4P2,2,M
S-2017-237,4P2,3,M
S-2017-238,4P2,4,F
S-2017-239,4P2,5,F
S-2017-240,4P2,6,M
S-2017-241,4P2,7,M
S-2017-242,4P2,8,F
S-2017-243,4P2,9,M
S-2017-244,4P2,10,F
S-2017-245,4P2,11,M
S-2017-246,4P2,12,M
S-2017-247,4P2,13,F
S-2017-248,4P2,14,F
S-2017-249,4P2,15,F
S-2017-250,4P2,16,F
S-2017-251,4P2,17,M
S-2017-252,4P2,18,M
S-2017-253,4P2,19,F
S-2017-254,4P2,20,F
S-2017-255,4P2,21,F
S-2017-256,4P2,22,M
S-2017-257,4P2,23,M
S-2017-258,4P2,24,F
S-2017-259,4P2,25,M
S-2017-260,4P2,26,F
S-2017-261,4P2,27,M
S-2017-262,4P2,28,M
S-2017-263,4P2,29,M
S-2017-264,4P2,30,F
S-2017-265,4P2,31,F
S-2017-266,4P2,32,F
S-2017-267,4P3,1,M
S-2017-268,4P3,2,F
S-2017-269,4P3,3,F
S-2017-270,4P3,4,M
S-2017-271,4P3,5,F
S-2017-272,4P3,6,M
S-2017-273,4P3,7,M
S-2017-274,4P3,8,F
S-2017-275,4P3,9,F
S-2017-276,4P3,10,F
S-2017-277,4P3,11,M
S-2017-278,4P3,12,M
S-2017-279,4P3,13,M
S-2017-280,4P3,14,M
S-2017-281,4P3,15,M
S-2017-282,4P3,16,M
S-2017-283,4P3,17,M
S-2017-284,4P3,18,F
S-2017-285,4P3,19,F
S-2017-286,4P3,20,M
S-2017-287,4P3,21,M
S-2017-288,4P3,22,M
S-2017-289,4P3,23,M
S-2017-290,4P3,24,M
S-2017-291,4P3,25,M
S-2017-292,4P3,26,M
S-2017-293,4P3,27,F
S-2017-294,4P3,28,F
S-2017-295,4P3,29,F
S-2017-296,4I1,1,M
S-2017-297,4I1,2,M
S-2017-298,4I1,3,M
S-2017-299,4I1,4,M
S-2017-300,4I1,5,M
S-2017-301,4I1,6,F
S-2017-302,4I1,7,F
S-2017-303,4I1,8,F
S-2017-304,4I1,9,F
S-2017-305,4I1,10,M
S-2017-306,4I1,11,F
S-2017-307,4I1,12,F
S-2017-308,4I1,13,F
S-2017-309,4I1,14,F
S-2017-310,4I1,15,F
S-2017-311,4I1,16,M
S-2017-312,4I1,17,M
S-2017-313,4I1,18,F
S-2017-314,4I1,19,M
S-2017-315,4I1,20,F
S-2017-316,4I1,21,M
S-2017-317,4I1,22,F
S-2017-318,4I1,23,M
S-2017-319,4I1,24,M
S-2017-320,4I1,25,M
S-2017-321,4I1,26,F
S-2017-322,4I1,27,F
S-2017-323,4I1,28,F
S-2017-324,4I1,29,M
S-2017-325,4I1,30,F
S-2017-326,4I1,31,M
S-2017-327,4I1,32,M
S-2017-328,4I1,33,M
S-2017-329,4I2,1,F
S-2017-330,4I2,2,F
S-2017-331,4I2,3,F
S-2017-332,4I2,4,M
S-2017-333,4I2,5,F
S-2017-334,4I2,6,M
S-2017-335,4I2,7,F
S-2017-336,4I2,8,M
S-2017-337,4I2,9,F
S-2017-338,4I2,10,F
S-2017-339,4I2,11,F
S-2017-340,4I2,12,F
S-2017-341,4I2,13,M
S-2017-342,4I2,14,M
S-2017-343,4I2,15,F
S-2017-344,4I2,16,M
S-2017-345,4I2,17,M
S-2017-346,4I2,18,F
S-2017-347,4I2,19,M
S-2017-348,4I2,20,M
S-2017-349,4I2,21,F
S-2017-350,4I2,22,F
S-2017-351,4I2,23,F
S-2017-352,4I2,24,F
S-2017-353,4I2,25,M
S-2017-354,4I2,26,M
S-2017-355,4I2,27,F
S-2017-356,4I2,28,M
S-2017-357,4I2,29,F
S-2017-358,4I2,30,F
S-2017-359,4I2,31,F
S-2017-360,4I2,32,F
S-2017-361,4I2,33,M
S-2017-362,4I2,34,F
S-2017-363,4I2,35,F
S-2017-364,4I3,1,F
S-2017-365,4I3,2,M
S-2017-366,4I3,3,F
S-2017-367,4I3,4,M
S-2017-368,4I3,5,F
S-2017-369,4I3,6,M
S-2017-370,4I3,7,M
S-2017-371,4I3,8,M
S-2017-372,4I3,9,M
S-2017-373,4I3,10,M
S-2017-374,4I3,11,M
S-2017-375,4I3,12,F
S-2017-376,4I3,13,F
S-2017-377,4I3,14,M
S-2017-378,4I3,15,F
S-2017-379,4I3,16,F
S-2017-380,4I3,17,F
S-2017-381,4I3,18,F
S-2017-382,4I3,19,M
S-2017-383,4I3,20,M
S-2017-384,4I3,21,F
S-2017-385,4I3,22,F
S-2017-386,4I3,23,M
S-2017-387,4I3,24,F
S-2017-388,4I3,25,M
S-2017-389,4I3,26,F
S-2017-390,4I3,27,M
S-2017-391,4I3,28,F
S-2017-392,4I3,29,M
S-2017-393,4I3,30,M
S-2017-394,4I3,31,F
S-2017-395,4I3,32,F
S-2017-396,4I4,1,M
S-2017-397,4I4,2,M
S-2017-398,4I4,3,F
S-2017-399,4I4,4,M
S-2017-400,4I4,5,M
S-2017-401,4I4,6,F
S-2017-402,4I4,7,F
S-2017-403,4I4,8,F
S-2017-404,4I4,9,F
S-2017-405,4I4,10,F
S-2017-406,4I4,11,M
S-2017-407,4I4,12,F
S-2017-408,4I4,13,F
S-2017-409,4I4,14,M
S-2017-410,4I4,15,F
S-2017-411,4I4,16,F
S-2017-412,4I4,17,M
S-2017-413,4I4,18,F
S-2017-414,4I4,19,M
S-2017-415,4I4,20,F
S-2017-416,4I4,21,F
S-2017-417,4I4,22,M
S-2017-418,4I4,23,F
S-2017-419,4I4,24,M
S-2017-420,4I4,25,F
S-2017-421,4I4,26,M
S-2017-422,4I4,27,M
S-2017-423,4I4,28,M
S-2017-424,4I4,29,F
S-2017-425,4I4,30,M
S-2017-426,4I4,31,M
S-2017-427,4I4,32,M
S-2017-428,4I4,33,F
S-2017-429,4I4,34,F
S-2017-430,4I4,35,M
S-2017-431,4I4,36,M
